Steps,loss,acc,te_loss,te_acc
0,5.455071449279785,0.27,9.1171875,0.20263671875
500,1.6620299816131592,0.19666666666666666,1.642578125,0.1998291015625
