Steps,tr_loss,tr_acc,val_loss,val_acc,te_loss,te_acc
50,1.611328125,0.26220703125,1.630859375,0.239990234375,1.6240234375,0.240966796875
100,1.6123046875,0.251953125,1.6220703125,0.248779296875,1.623046875,0.2445068359375
